"grid_id","lat","lng","lat_min","lng_min","lat_max","lng_max"
"0","40.191010000000006","116.15901","40.182010000000005","116.15001","40.200010000000006","116.16801"
"1","40.191010000000006","116.17701","40.182010000000005","116.16801","40.200010000000006","116.18601"
"2","40.191010000000006","116.19501","40.182010000000005","116.18601","40.200010000000006","116.20401"
"3","40.191010000000006","116.21301","40.182010000000005","116.20401","40.200010000000006","116.22201"
"4","40.191010000000006","116.23101","40.182010000000005","116.22201","40.200010000000006","116.24001"
"5","40.191010000000006","116.24901","40.182010000000005","116.24001","40.200010000000006","116.25801"
"6","40.191010000000006","116.26701","40.182010000000005","116.25801","40.200010000000006","116.27601"
"7","40.191010000000006","116.28501","40.182010000000005","116.27601","40.200010000000006","116.29401"
"8","40.191010000000006","116.30301","40.182010000000005","116.29401","40.200010000000006","116.31201"
"9","40.191010000000006","116.32101","40.182010000000005","116.31201","40.200010000000006","116.33001"
"10","40.191010000000006","116.33901","40.182010000000005","116.33001","40.200010000000006","116.34801"
"11","40.191010000000006","116.35701","40.182010000000005","116.34801","40.200010000000006","116.36601"
"12","40.191010000000006","116.37501","40.182010000000005","116.36601","40.200010000000006","116.38401"
"13","40.191010000000006","116.39300999999999","40.182010000000005","116.38400999999999","40.200010000000006","116.40200999999999"
"14","40.191010000000006","116.41100999999999","40.182010000000005","116.40200999999999","40.200010000000006","116.42000999999999"
"15","40.191010000000006","116.42900999999999","40.182010000000005","116.42000999999999","40.200010000000006","116.43800999999999"
"16","40.191010000000006","116.44700999999999","40.182010000000005","116.43800999999999","40.200010000000006","116.45600999999999"
"17","40.191010000000006","116.46500999999999","40.182010000000005","116.45600999999999","40.200010000000006","116.47400999999999"
"18","40.191010000000006","116.48301","40.182010000000005","116.47400999999999","40.200010000000006","116.49201"
"19","40.191010000000006","116.50101","40.182010000000005","116.49201","40.200010000000006","116.51001"
"20","40.191010000000006","116.51901","40.182010000000005","116.51001","40.200010000000006","116.52801"
"21","40.191010000000006","116.53701","40.182010000000005","116.52801","40.200010000000006","116.54601"
"22","40.191010000000006","116.55501","40.182010000000005","116.54601","40.200010000000006","116.56401"
"23","40.191010000000006","116.57301","40.182010000000005","116.56401","40.200010000000006","116.58201"
"24","40.191010000000006","116.59101","40.182010000000005","116.58201","40.200010000000006","116.60001"
"25","40.173010000000005","116.15901","40.164010000000005","116.15001","40.182010000000005","116.16801"
"26","40.173010000000005","116.17701","40.164010000000005","116.16801","40.182010000000005","116.18601"
"27","40.173010000000005","116.19501","40.164010000000005","116.18601","40.182010000000005","116.20401"
"28","40.173010000000005","116.21301","40.164010000000005","116.20401","40.182010000000005","116.22201"
"29","40.173010000000005","116.23101","40.164010000000005","116.22201","40.182010000000005","116.24001"
"30","40.173010000000005","116.24901","40.164010000000005","116.24001","40.182010000000005","116.25801"
"31","40.173010000000005","116.26701","40.164010000000005","116.25801","40.182010000000005","116.27601"
"32","40.173010000000005","116.28501","40.164010000000005","116.27601","40.182010000000005","116.29401"
"33","40.173010000000005","116.30301","40.164010000000005","116.29401","40.182010000000005","116.31201"
"34","40.173010000000005","116.32101","40.164010000000005","116.31201","40.182010000000005","116.33001"
"35","40.173010000000005","116.33901","40.164010000000005","116.33001","40.182010000000005","116.34801"
"36","40.173010000000005","116.35701","40.164010000000005","116.34801","40.182010000000005","116.36601"
"37","40.173010000000005","116.37501","40.164010000000005","116.36601","40.182010000000005","116.38401"
"38","40.173010000000005","116.39300999999999","40.164010000000005","116.38400999999999","40.182010000000005","116.40200999999999"
"39","40.173010000000005","116.41100999999999","40.164010000000005","116.40200999999999","40.182010000000005","116.42000999999999"
"40","40.173010000000005","116.42900999999999","40.164010000000005","116.42000999999999","40.182010000000005","116.43800999999999"
"41","40.173010000000005","116.44700999999999","40.164010000000005","116.43800999999999","40.182010000000005","116.45600999999999"
"42","40.173010000000005","116.46500999999999","40.164010000000005","116.45600999999999","40.182010000000005","116.47400999999999"
"43","40.173010000000005","116.48301","40.164010000000005","116.47400999999999","40.182010000000005","116.49201"
"44","40.173010000000005","116.50101","40.164010000000005","116.49201","40.182010000000005","116.51001"
"45","40.173010000000005","116.51901","40.164010000000005","116.51001","40.182010000000005","116.52801"
"46","40.173010000000005","116.53701","40.164010000000005","116.52801","40.182010000000005","116.54601"
"47","40.173010000000005","116.55501","40.164010000000005","116.54601","40.182010000000005","116.56401"
"48","40.173010000000005","116.57301","40.164010000000005","116.56401","40.182010000000005","116.58201"
"49","40.173010000000005","116.59101","40.164010000000005","116.58201","40.182010000000005","116.60001"
"50","40.155010000000004","116.15901","40.146010000000004","116.15001","40.164010000000005","116.16801"
"51","40.155010000000004","116.17701","40.146010000000004","116.16801","40.164010000000005","116.18601"
"52","40.155010000000004","116.19501","40.146010000000004","116.18601","40.164010000000005","116.20401"
"53","40.155010000000004","116.21301","40.146010000000004","116.20401","40.164010000000005","116.22201"
"54","40.155010000000004","116.23101","40.146010000000004","116.22201","40.164010000000005","116.24001"
"55","40.155010000000004","116.24901","40.146010000000004","116.24001","40.164010000000005","116.25801"
"56","40.155010000000004","116.26701","40.146010000000004","116.25801","40.164010000000005","116.27601"
"57","40.155010000000004","116.28501","40.146010000000004","116.27601","40.164010000000005","116.29401"
"58","40.155010000000004","116.30301","40.146010000000004","116.29401","40.164010000000005","116.31201"
"59","40.155010000000004","116.32101","40.146010000000004","116.31201","40.164010000000005","116.33001"
"60","40.155010000000004","116.33901","40.146010000000004","116.33001","40.164010000000005","116.34801"
"61","40.155010000000004","116.35701","40.146010000000004","116.34801","40.164010000000005","116.36601"
"62","40.155010000000004","116.37501","40.146010000000004","116.36601","40.164010000000005","116.38401"
"63","40.155010000000004","116.39300999999999","40.146010000000004","116.38400999999999","40.164010000000005","116.40200999999999"
"64","40.155010000000004","116.41100999999999","40.146010000000004","116.40200999999999","40.164010000000005","116.42000999999999"
"65","40.155010000000004","116.42900999999999","40.146010000000004","116.42000999999999","40.164010000000005","116.43800999999999"
"66","40.155010000000004","116.44700999999999","40.146010000000004","116.43800999999999","40.164010000000005","116.45600999999999"
"67","40.155010000000004","116.46500999999999","40.146010000000004","116.45600999999999","40.164010000000005","116.47400999999999"
"68","40.155010000000004","116.48301","40.146010000000004","116.47400999999999","40.164010000000005","116.49201"
"69","40.155010000000004","116.50101","40.146010000000004","116.49201","40.164010000000005","116.51001"
"70","40.155010000000004","116.51901","40.146010000000004","116.51001","40.164010000000005","116.52801"
"71","40.155010000000004","116.53701","40.146010000000004","116.52801","40.164010000000005","116.54601"
"72","40.155010000000004","116.55501","40.146010000000004","116.54601","40.164010000000005","116.56401"
"73","40.155010000000004","116.57301","40.146010000000004","116.56401","40.164010000000005","116.58201"
"74","40.155010000000004","116.59101","40.146010000000004","116.58201","40.164010000000005","116.60001"
"75","40.137010000000004","116.15901","40.12801","116.15001","40.146010000000004","116.16801"
"76","40.137010000000004","116.17701","40.12801","116.16801","40.146010000000004","116.18601"
"77","40.137010000000004","116.19501","40.12801","116.18601","40.146010000000004","116.20401"
"78","40.137010000000004","116.21301","40.12801","116.20401","40.146010000000004","116.22201"
"79","40.137010000000004","116.23101","40.12801","116.22201","40.146010000000004","116.24001"
"80","40.137010000000004","116.24901","40.12801","116.24001","40.146010000000004","116.25801"
"81","40.137010000000004","116.26701","40.12801","116.25801","40.146010000000004","116.27601"
"82","40.137010000000004","116.28501","40.12801","116.27601","40.146010000000004","116.29401"
"83","40.137010000000004","116.30301","40.12801","116.29401","40.146010000000004","116.31201"
"84","40.137010000000004","116.32101","40.12801","116.31201","40.146010000000004","116.33001"
"85","40.137010000000004","116.33901","40.12801","116.33001","40.146010000000004","116.34801"
"86","40.137010000000004","116.35701","40.12801","116.34801","40.146010000000004","116.36601"
"87","40.137010000000004","116.37501","40.12801","116.36601","40.146010000000004","116.38401"
"88","40.137010000000004","116.39300999999999","40.12801","116.38400999999999","40.146010000000004","116.40200999999999"
"89","40.137010000000004","116.41100999999999","40.12801","116.40200999999999","40.146010000000004","116.42000999999999"
"90","40.137010000000004","116.42900999999999","40.12801","116.42000999999999","40.146010000000004","116.43800999999999"
"91","40.137010000000004","116.44700999999999","40.12801","116.43800999999999","40.146010000000004","116.45600999999999"
"92","40.137010000000004","116.46500999999999","40.12801","116.45600999999999","40.146010000000004","116.47400999999999"
"93","40.137010000000004","116.48301","40.12801","116.47400999999999","40.146010000000004","116.49201"
"94","40.137010000000004","116.50101","40.12801","116.49201","40.146010000000004","116.51001"
"95","40.137010000000004","116.51901","40.12801","116.51001","40.146010000000004","116.52801"
"96","40.137010000000004","116.53701","40.12801","116.52801","40.146010000000004","116.54601"
"97","40.137010000000004","116.55501","40.12801","116.54601","40.146010000000004","116.56401"
"98","40.137010000000004","116.57301","40.12801","116.56401","40.146010000000004","116.58201"
"99","40.137010000000004","116.59101","40.12801","116.58201","40.146010000000004","116.60001"
"100","40.11901","116.15901","40.11001","116.15001","40.12801","116.16801"
"101","40.11901","116.17701","40.11001","116.16801","40.12801","116.18601"
"102","40.11901","116.19501","40.11001","116.18601","40.12801","116.20401"
"103","40.11901","116.21301","40.11001","116.20401","40.12801","116.22201"
"104","40.11901","116.23101","40.11001","116.22201","40.12801","116.24001"
"105","40.11901","116.24901","40.11001","116.24001","40.12801","116.25801"
"106","40.11901","116.26701","40.11001","116.25801","40.12801","116.27601"
"107","40.11901","116.28501","40.11001","116.27601","40.12801","116.29401"
"108","40.11901","116.30301","40.11001","116.29401","40.12801","116.31201"
"109","40.11901","116.32101","40.11001","116.31201","40.12801","116.33001"
"110","40.11901","116.33901","40.11001","116.33001","40.12801","116.34801"
"111","40.11901","116.35701","40.11001","116.34801","40.12801","116.36601"
"112","40.11901","116.37501","40.11001","116.36601","40.12801","116.38401"
"113","40.11901","116.39300999999999","40.11001","116.38400999999999","40.12801","116.40200999999999"
"114","40.11901","116.41100999999999","40.11001","116.40200999999999","40.12801","116.42000999999999"
"115","40.11901","116.42900999999999","40.11001","116.42000999999999","40.12801","116.43800999999999"
"116","40.11901","116.44700999999999","40.11001","116.43800999999999","40.12801","116.45600999999999"
"117","40.11901","116.46500999999999","40.11001","116.45600999999999","40.12801","116.47400999999999"
"118","40.11901","116.48301","40.11001","116.47400999999999","40.12801","116.49201"
"119","40.11901","116.50101","40.11001","116.49201","40.12801","116.51001"
"120","40.11901","116.51901","40.11001","116.51001","40.12801","116.52801"
"121","40.11901","116.53701","40.11001","116.52801","40.12801","116.54601"
"122","40.11901","116.55501","40.11001","116.54601","40.12801","116.56401"
"123","40.11901","116.57301","40.11001","116.56401","40.12801","116.58201"
"124","40.11901","116.59101","40.11001","116.58201","40.12801","116.60001"
"125","40.10101","116.15901","40.09201","116.15001","40.11001","116.16801"
"126","40.10101","116.17701","40.09201","116.16801","40.11001","116.18601"
"127","40.10101","116.19501","40.09201","116.18601","40.11001","116.20401"
"128","40.10101","116.21301","40.09201","116.20401","40.11001","116.22201"
"129","40.10101","116.23101","40.09201","116.22201","40.11001","116.24001"
"130","40.10101","116.24901","40.09201","116.24001","40.11001","116.25801"
"131","40.10101","116.26701","40.09201","116.25801","40.11001","116.27601"
"132","40.10101","116.28501","40.09201","116.27601","40.11001","116.29401"
"133","40.10101","116.30301","40.09201","116.29401","40.11001","116.31201"
"134","40.10101","116.32101","40.09201","116.31201","40.11001","116.33001"
"135","40.10101","116.33901","40.09201","116.33001","40.11001","116.34801"
"136","40.10101","116.35701","40.09201","116.34801","40.11001","116.36601"
"137","40.10101","116.37501","40.09201","116.36601","40.11001","116.38401"
"138","40.10101","116.39300999999999","40.09201","116.38400999999999","40.11001","116.40200999999999"
"139","40.10101","116.41100999999999","40.09201","116.40200999999999","40.11001","116.42000999999999"
"140","40.10101","116.42900999999999","40.09201","116.42000999999999","40.11001","116.43800999999999"
"141","40.10101","116.44700999999999","40.09201","116.43800999999999","40.11001","116.45600999999999"
"142","40.10101","116.46500999999999","40.09201","116.45600999999999","40.11001","116.47400999999999"
"143","40.10101","116.48301","40.09201","116.47400999999999","40.11001","116.49201"
"144","40.10101","116.50101","40.09201","116.49201","40.11001","116.51001"
"145","40.10101","116.51901","40.09201","116.51001","40.11001","116.52801"
"146","40.10101","116.53701","40.09201","116.52801","40.11001","116.54601"
"147","40.10101","116.55501","40.09201","116.54601","40.11001","116.56401"
"148","40.10101","116.57301","40.09201","116.56401","40.11001","116.58201"
"149","40.10101","116.59101","40.09201","116.58201","40.11001","116.60001"
"150","40.08301000000001","116.15901","40.07401000000001","116.15001","40.09201000000001","116.16801"
"151","40.08301000000001","116.17701","40.07401000000001","116.16801","40.09201000000001","116.18601"
"152","40.08301000000001","116.19501","40.07401000000001","116.18601","40.09201000000001","116.20401"
"153","40.08301000000001","116.21301","40.07401000000001","116.20401","40.09201000000001","116.22201"
"154","40.08301000000001","116.23101","40.07401000000001","116.22201","40.09201000000001","116.24001"
"155","40.08301000000001","116.24901","40.07401000000001","116.24001","40.09201000000001","116.25801"
"156","40.08301000000001","116.26701","40.07401000000001","116.25801","40.09201000000001","116.27601"
"157","40.08301000000001","116.28501","40.07401000000001","116.27601","40.09201000000001","116.29401"
"158","40.08301000000001","116.30301","40.07401000000001","116.29401","40.09201000000001","116.31201"
"159","40.08301000000001","116.32101","40.07401000000001","116.31201","40.09201000000001","116.33001"
"160","40.08301000000001","116.33901","40.07401000000001","116.33001","40.09201000000001","116.34801"
"161","40.08301000000001","116.35701","40.07401000000001","116.34801","40.09201000000001","116.36601"
"162","40.08301000000001","116.37501","40.07401000000001","116.36601","40.09201000000001","116.38401"
"163","40.08301000000001","116.39300999999999","40.07401000000001","116.38400999999999","40.09201000000001","116.40200999999999"
"164","40.08301000000001","116.41100999999999","40.07401000000001","116.40200999999999","40.09201000000001","116.42000999999999"
"165","40.08301000000001","116.42900999999999","40.07401000000001","116.42000999999999","40.09201000000001","116.43800999999999"
"166","40.08301000000001","116.44700999999999","40.07401000000001","116.43800999999999","40.09201000000001","116.45600999999999"
"167","40.08301000000001","116.46500999999999","40.07401000000001","116.45600999999999","40.09201000000001","116.47400999999999"
"168","40.08301000000001","116.48301","40.07401000000001","116.47400999999999","40.09201000000001","116.49201"
"169","40.08301000000001","116.50101","40.07401000000001","116.49201","40.09201000000001","116.51001"
"170","40.08301000000001","116.51901","40.07401000000001","116.51001","40.09201000000001","116.52801"
"171","40.08301000000001","116.53701","40.07401000000001","116.52801","40.09201000000001","116.54601"
"172","40.08301000000001","116.55501","40.07401000000001","116.54601","40.09201000000001","116.56401"
"173","40.08301000000001","116.57301","40.07401000000001","116.56401","40.09201000000001","116.58201"
"174","40.08301000000001","116.59101","40.07401000000001","116.58201","40.09201000000001","116.60001"
"175","40.06501000000001","116.15901","40.05601000000001","116.15001","40.07401000000001","116.16801"
"176","40.06501000000001","116.17701","40.05601000000001","116.16801","40.07401000000001","116.18601"
"177","40.06501000000001","116.19501","40.05601000000001","116.18601","40.07401000000001","116.20401"
"178","40.06501000000001","116.21301","40.05601000000001","116.20401","40.07401000000001","116.22201"
"179","40.06501000000001","116.23101","40.05601000000001","116.22201","40.07401000000001","116.24001"
"180","40.06501000000001","116.24901","40.05601000000001","116.24001","40.07401000000001","116.25801"
"181","40.06501000000001","116.26701","40.05601000000001","116.25801","40.07401000000001","116.27601"
"182","40.06501000000001","116.28501","40.05601000000001","116.27601","40.07401000000001","116.29401"
"183","40.06501000000001","116.30301","40.05601000000001","116.29401","40.07401000000001","116.31201"
"184","40.06501000000001","116.32101","40.05601000000001","116.31201","40.07401000000001","116.33001"
"185","40.06501000000001","116.33901","40.05601000000001","116.33001","40.07401000000001","116.34801"
"186","40.06501000000001","116.35701","40.05601000000001","116.34801","40.07401000000001","116.36601"
"187","40.06501000000001","116.37501","40.05601000000001","116.36601","40.07401000000001","116.38401"
"188","40.06501000000001","116.39300999999999","40.05601000000001","116.38400999999999","40.07401000000001","116.40200999999999"
"189","40.06501000000001","116.41100999999999","40.05601000000001","116.40200999999999","40.07401000000001","116.42000999999999"
"190","40.06501000000001","116.42900999999999","40.05601000000001","116.42000999999999","40.07401000000001","116.43800999999999"
"191","40.06501000000001","116.44700999999999","40.05601000000001","116.43800999999999","40.07401000000001","116.45600999999999"
"192","40.06501000000001","116.46500999999999","40.05601000000001","116.45600999999999","40.07401000000001","116.47400999999999"
"193","40.06501000000001","116.48301","40.05601000000001","116.47400999999999","40.07401000000001","116.49201"
"194","40.06501000000001","116.50101","40.05601000000001","116.49201","40.07401000000001","116.51001"
"195","40.06501000000001","116.51901","40.05601000000001","116.51001","40.07401000000001","116.52801"
"196","40.06501000000001","116.53701","40.05601000000001","116.52801","40.07401000000001","116.54601"
"197","40.06501000000001","116.55501","40.05601000000001","116.54601","40.07401000000001","116.56401"
"198","40.06501000000001","116.57301","40.05601000000001","116.56401","40.07401000000001","116.58201"
"199","40.06501000000001","116.59101","40.05601000000001","116.58201","40.07401000000001","116.60001"
"200","40.04701000000001","116.15901","40.03801000000001","116.15001","40.05601000000001","116.16801"
"201","40.04701000000001","116.17701","40.03801000000001","116.16801","40.05601000000001","116.18601"
"202","40.04701000000001","116.19501","40.03801000000001","116.18601","40.05601000000001","116.20401"
"203","40.04701000000001","116.21301","40.03801000000001","116.20401","40.05601000000001","116.22201"
"204","40.04701000000001","116.23101","40.03801000000001","116.22201","40.05601000000001","116.24001"
"205","40.04701000000001","116.24901","40.03801000000001","116.24001","40.05601000000001","116.25801"
"206","40.04701000000001","116.26701","40.03801000000001","116.25801","40.05601000000001","116.27601"
"207","40.04701000000001","116.28501","40.03801000000001","116.27601","40.05601000000001","116.29401"
"208","40.04701000000001","116.30301","40.03801000000001","116.29401","40.05601000000001","116.31201"
"209","40.04701000000001","116.32101","40.03801000000001","116.31201","40.05601000000001","116.33001"
"210","40.04701000000001","116.33901","40.03801000000001","116.33001","40.05601000000001","116.34801"
"211","40.04701000000001","116.35701","40.03801000000001","116.34801","40.05601000000001","116.36601"
"212","40.04701000000001","116.37501","40.03801000000001","116.36601","40.05601000000001","116.38401"
"213","40.04701000000001","116.39300999999999","40.03801000000001","116.38400999999999","40.05601000000001","116.40200999999999"
"214","40.04701000000001","116.41100999999999","40.03801000000001","116.40200999999999","40.05601000000001","116.42000999999999"
"215","40.04701000000001","116.42900999999999","40.03801000000001","116.42000999999999","40.05601000000001","116.43800999999999"
"216","40.04701000000001","116.44700999999999","40.03801000000001","116.43800999999999","40.05601000000001","116.45600999999999"
"217","40.04701000000001","116.46500999999999","40.03801000000001","116.45600999999999","40.05601000000001","116.47400999999999"
"218","40.04701000000001","116.48301","40.03801000000001","116.47400999999999","40.05601000000001","116.49201"
"219","40.04701000000001","116.50101","40.03801000000001","116.49201","40.05601000000001","116.51001"
"220","40.04701000000001","116.51901","40.03801000000001","116.51001","40.05601000000001","116.52801"
"221","40.04701000000001","116.53701","40.03801000000001","116.52801","40.05601000000001","116.54601"
"222","40.04701000000001","116.55501","40.03801000000001","116.54601","40.05601000000001","116.56401"
"223","40.04701000000001","116.57301","40.03801000000001","116.56401","40.05601000000001","116.58201"
"224","40.04701000000001","116.59101","40.03801000000001","116.58201","40.05601000000001","116.60001"
"225","40.02901000000001","116.15901","40.020010000000006","116.15001","40.03801000000001","116.16801"
"226","40.02901000000001","116.17701","40.020010000000006","116.16801","40.03801000000001","116.18601"
"227","40.02901000000001","116.19501","40.020010000000006","116.18601","40.03801000000001","116.20401"
"228","40.02901000000001","116.21301","40.020010000000006","116.20401","40.03801000000001","116.22201"
"229","40.02901000000001","116.23101","40.020010000000006","116.22201","40.03801000000001","116.24001"
"230","40.02901000000001","116.24901","40.020010000000006","116.24001","40.03801000000001","116.25801"
"231","40.02901000000001","116.26701","40.020010000000006","116.25801","40.03801000000001","116.27601"
"232","40.02901000000001","116.28501","40.020010000000006","116.27601","40.03801000000001","116.29401"
"233","40.02901000000001","116.30301","40.020010000000006","116.29401","40.03801000000001","116.31201"
"234","40.02901000000001","116.32101","40.020010000000006","116.31201","40.03801000000001","116.33001"
"235","40.02901000000001","116.33901","40.020010000000006","116.33001","40.03801000000001","116.34801"
"236","40.02901000000001","116.35701","40.020010000000006","116.34801","40.03801000000001","116.36601"
"237","40.02901000000001","116.37501","40.020010000000006","116.36601","40.03801000000001","116.38401"
"238","40.02901000000001","116.39300999999999","40.020010000000006","116.38400999999999","40.03801000000001","116.40200999999999"
"239","40.02901000000001","116.41100999999999","40.020010000000006","116.40200999999999","40.03801000000001","116.42000999999999"
"240","40.02901000000001","116.42900999999999","40.020010000000006","116.42000999999999","40.03801000000001","116.43800999999999"
"241","40.02901000000001","116.44700999999999","40.020010000000006","116.43800999999999","40.03801000000001","116.45600999999999"
"242","40.02901000000001","116.46500999999999","40.020010000000006","116.45600999999999","40.03801000000001","116.47400999999999"
"243","40.02901000000001","116.48301","40.020010000000006","116.47400999999999","40.03801000000001","116.49201"
"244","40.02901000000001","116.50101","40.020010000000006","116.49201","40.03801000000001","116.51001"
"245","40.02901000000001","116.51901","40.020010000000006","116.51001","40.03801000000001","116.52801"
"246","40.02901000000001","116.53701","40.020010000000006","116.52801","40.03801000000001","116.54601"
"247","40.02901000000001","116.55501","40.020010000000006","116.54601","40.03801000000001","116.56401"
"248","40.02901000000001","116.57301","40.020010000000006","116.56401","40.03801000000001","116.58201"
"249","40.02901000000001","116.59101","40.020010000000006","116.58201","40.03801000000001","116.60001"
"250","40.011010000000006","116.15901","40.002010000000006","116.15001","40.020010000000006","116.16801"
"251","40.011010000000006","116.17701","40.002010000000006","116.16801","40.020010000000006","116.18601"
"252","40.011010000000006","116.19501","40.002010000000006","116.18601","40.020010000000006","116.20401"
"253","40.011010000000006","116.21301","40.002010000000006","116.20401","40.020010000000006","116.22201"
"254","40.011010000000006","116.23101","40.002010000000006","116.22201","40.020010000000006","116.24001"
"255","40.011010000000006","116.24901","40.002010000000006","116.24001","40.020010000000006","116.25801"
"256","40.011010000000006","116.26701","40.002010000000006","116.25801","40.020010000000006","116.27601"
"257","40.011010000000006","116.28501","40.002010000000006","116.27601","40.020010000000006","116.29401"
"258","40.011010000000006","116.30301","40.002010000000006","116.29401","40.020010000000006","116.31201"
"259","40.011010000000006","116.32101","40.002010000000006","116.31201","40.020010000000006","116.33001"
"260","40.011010000000006","116.33901","40.002010000000006","116.33001","40.020010000000006","116.34801"
"261","40.011010000000006","116.35701","40.002010000000006","116.34801","40.020010000000006","116.36601"
"262","40.011010000000006","116.37501","40.002010000000006","116.36601","40.020010000000006","116.38401"
"263","40.011010000000006","116.39300999999999","40.002010000000006","116.38400999999999","40.020010000000006","116.40200999999999"
"264","40.011010000000006","116.41100999999999","40.002010000000006","116.40200999999999","40.020010000000006","116.42000999999999"
"265","40.011010000000006","116.42900999999999","40.002010000000006","116.42000999999999","40.020010000000006","116.43800999999999"
"266","40.011010000000006","116.44700999999999","40.002010000000006","116.43800999999999","40.020010000000006","116.45600999999999"
"267","40.011010000000006","116.46500999999999","40.002010000000006","116.45600999999999","40.020010000000006","116.47400999999999"
"268","40.011010000000006","116.48301","40.002010000000006","116.47400999999999","40.020010000000006","116.49201"
"269","40.011010000000006","116.50101","40.002010000000006","116.49201","40.020010000000006","116.51001"
"270","40.011010000000006","116.51901","40.002010000000006","116.51001","40.020010000000006","116.52801"
"271","40.011010000000006","116.53701","40.002010000000006","116.52801","40.020010000000006","116.54601"
"272","40.011010000000006","116.55501","40.002010000000006","116.54601","40.020010000000006","116.56401"
"273","40.011010000000006","116.57301","40.002010000000006","116.56401","40.020010000000006","116.58201"
"274","40.011010000000006","116.59101","40.002010000000006","116.58201","40.020010000000006","116.60001"
"275","39.993010000000005","116.15901","39.984010000000005","116.15001","40.002010000000006","116.16801"
"276","39.993010000000005","116.17701","39.984010000000005","116.16801","40.002010000000006","116.18601"
"277","39.993010000000005","116.19501","39.984010000000005","116.18601","40.002010000000006","116.20401"
"278","39.993010000000005","116.21301","39.984010000000005","116.20401","40.002010000000006","116.22201"
"279","39.993010000000005","116.23101","39.984010000000005","116.22201","40.002010000000006","116.24001"
"280","39.993010000000005","116.24901","39.984010000000005","116.24001","40.002010000000006","116.25801"
"281","39.993010000000005","116.26701","39.984010000000005","116.25801","40.002010000000006","116.27601"
"282","39.993010000000005","116.28501","39.984010000000005","116.27601","40.002010000000006","116.29401"
"283","39.993010000000005","116.30301","39.984010000000005","116.29401","40.002010000000006","116.31201"
"284","39.993010000000005","116.32101","39.984010000000005","116.31201","40.002010000000006","116.33001"
"285","39.993010000000005","116.33901","39.984010000000005","116.33001","40.002010000000006","116.34801"
"286","39.993010000000005","116.35701","39.984010000000005","116.34801","40.002010000000006","116.36601"
"287","39.993010000000005","116.37501","39.984010000000005","116.36601","40.002010000000006","116.38401"
"288","39.993010000000005","116.39300999999999","39.984010000000005","116.38400999999999","40.002010000000006","116.40200999999999"
"289","39.993010000000005","116.41100999999999","39.984010000000005","116.40200999999999","40.002010000000006","116.42000999999999"
"290","39.993010000000005","116.42900999999999","39.984010000000005","116.42000999999999","40.002010000000006","116.43800999999999"
"291","39.993010000000005","116.44700999999999","39.984010000000005","116.43800999999999","40.002010000000006","116.45600999999999"
"292","39.993010000000005","116.46500999999999","39.984010000000005","116.45600999999999","40.002010000000006","116.47400999999999"
"293","39.993010000000005","116.48301","39.984010000000005","116.47400999999999","40.002010000000006","116.49201"
"294","39.993010000000005","116.50101","39.984010000000005","116.49201","40.002010000000006","116.51001"
"295","39.993010000000005","116.51901","39.984010000000005","116.51001","40.002010000000006","116.52801"
"296","39.993010000000005","116.53701","39.984010000000005","116.52801","40.002010000000006","116.54601"
"297","39.993010000000005","116.55501","39.984010000000005","116.54601","40.002010000000006","116.56401"
"298","39.993010000000005","116.57301","39.984010000000005","116.56401","40.002010000000006","116.58201"
"299","39.993010000000005","116.59101","39.984010000000005","116.58201","40.002010000000006","116.60001"
"300","39.975010000000005","116.15901","39.966010000000004","116.15001","39.984010000000005","116.16801"
"301","39.975010000000005","116.17701","39.966010000000004","116.16801","39.984010000000005","116.18601"
"302","39.975010000000005","116.19501","39.966010000000004","116.18601","39.984010000000005","116.20401"
"303","39.975010000000005","116.21301","39.966010000000004","116.20401","39.984010000000005","116.22201"
"304","39.975010000000005","116.23101","39.966010000000004","116.22201","39.984010000000005","116.24001"
"305","39.975010000000005","116.24901","39.966010000000004","116.24001","39.984010000000005","116.25801"
"306","39.975010000000005","116.26701","39.966010000000004","116.25801","39.984010000000005","116.27601"
"307","39.975010000000005","116.28501","39.966010000000004","116.27601","39.984010000000005","116.29401"
"308","39.975010000000005","116.30301","39.966010000000004","116.29401","39.984010000000005","116.31201"
"309","39.975010000000005","116.32101","39.966010000000004","116.31201","39.984010000000005","116.33001"
"310","39.975010000000005","116.33901","39.966010000000004","116.33001","39.984010000000005","116.34801"
"311","39.975010000000005","116.35701","39.966010000000004","116.34801","39.984010000000005","116.36601"
"312","39.975010000000005","116.37501","39.966010000000004","116.36601","39.984010000000005","116.38401"
"313","39.975010000000005","116.39300999999999","39.966010000000004","116.38400999999999","39.984010000000005","116.40200999999999"
"314","39.975010000000005","116.41100999999999","39.966010000000004","116.40200999999999","39.984010000000005","116.42000999999999"
"315","39.975010000000005","116.42900999999999","39.966010000000004","116.42000999999999","39.984010000000005","116.43800999999999"
"316","39.975010000000005","116.44700999999999","39.966010000000004","116.43800999999999","39.984010000000005","116.45600999999999"
"317","39.975010000000005","116.46500999999999","39.966010000000004","116.45600999999999","39.984010000000005","116.47400999999999"
"318","39.975010000000005","116.48301","39.966010000000004","116.47400999999999","39.984010000000005","116.49201"
"319","39.975010000000005","116.50101","39.966010000000004","116.49201","39.984010000000005","116.51001"
"320","39.975010000000005","116.51901","39.966010000000004","116.51001","39.984010000000005","116.52801"
"321","39.975010000000005","116.53701","39.966010000000004","116.52801","39.984010000000005","116.54601"
"322","39.975010000000005","116.55501","39.966010000000004","116.54601","39.984010000000005","116.56401"
"323","39.975010000000005","116.57301","39.966010000000004","116.56401","39.984010000000005","116.58201"
"324","39.975010000000005","116.59101","39.966010000000004","116.58201","39.984010000000005","116.60001"
"325","39.957010000000004","116.15901","39.948010000000004","116.15001","39.966010000000004","116.16801"
"326","39.957010000000004","116.17701","39.948010000000004","116.16801","39.966010000000004","116.18601"
"327","39.957010000000004","116.19501","39.948010000000004","116.18601","39.966010000000004","116.20401"
"328","39.957010000000004","116.21301","39.948010000000004","116.20401","39.966010000000004","116.22201"
"329","39.957010000000004","116.23101","39.948010000000004","116.22201","39.966010000000004","116.24001"
"330","39.957010000000004","116.24901","39.948010000000004","116.24001","39.966010000000004","116.25801"
"331","39.957010000000004","116.26701","39.948010000000004","116.25801","39.966010000000004","116.27601"
"332","39.957010000000004","116.28501","39.948010000000004","116.27601","39.966010000000004","116.29401"
"333","39.957010000000004","116.30301","39.948010000000004","116.29401","39.966010000000004","116.31201"
"334","39.957010000000004","116.32101","39.948010000000004","116.31201","39.966010000000004","116.33001"
"335","39.957010000000004","116.33901","39.948010000000004","116.33001","39.966010000000004","116.34801"
"336","39.957010000000004","116.35701","39.948010000000004","116.34801","39.966010000000004","116.36601"
"337","39.957010000000004","116.37501","39.948010000000004","116.36601","39.966010000000004","116.38401"
"338","39.957010000000004","116.39300999999999","39.948010000000004","116.38400999999999","39.966010000000004","116.40200999999999"
"339","39.957010000000004","116.41100999999999","39.948010000000004","116.40200999999999","39.966010000000004","116.42000999999999"
"340","39.957010000000004","116.42900999999999","39.948010000000004","116.42000999999999","39.966010000000004","116.43800999999999"
"341","39.957010000000004","116.44700999999999","39.948010000000004","116.43800999999999","39.966010000000004","116.45600999999999"
"342","39.957010000000004","116.46500999999999","39.948010000000004","116.45600999999999","39.966010000000004","116.47400999999999"
"343","39.957010000000004","116.48301","39.948010000000004","116.47400999999999","39.966010000000004","116.49201"
"344","39.957010000000004","116.50101","39.948010000000004","116.49201","39.966010000000004","116.51001"
"345","39.957010000000004","116.51901","39.948010000000004","116.51001","39.966010000000004","116.52801"
"346","39.957010000000004","116.53701","39.948010000000004","116.52801","39.966010000000004","116.54601"
"347","39.957010000000004","116.55501","39.948010000000004","116.54601","39.966010000000004","116.56401"
"348","39.957010000000004","116.57301","39.948010000000004","116.56401","39.966010000000004","116.58201"
"349","39.957010000000004","116.59101","39.948010000000004","116.58201","39.966010000000004","116.60001"
"350","39.93901","116.15901","39.93001","116.15001","39.948010000000004","116.16801"
"351","39.93901","116.17701","39.93001","116.16801","39.948010000000004","116.18601"
"352","39.93901","116.19501","39.93001","116.18601","39.948010000000004","116.20401"
"353","39.93901","116.21301","39.93001","116.20401","39.948010000000004","116.22201"
"354","39.93901","116.23101","39.93001","116.22201","39.948010000000004","116.24001"
"355","39.93901","116.24901","39.93001","116.24001","39.948010000000004","116.25801"
"356","39.93901","116.26701","39.93001","116.25801","39.948010000000004","116.27601"
"357","39.93901","116.28501","39.93001","116.27601","39.948010000000004","116.29401"
"358","39.93901","116.30301","39.93001","116.29401","39.948010000000004","116.31201"
"359","39.93901","116.32101","39.93001","116.31201","39.948010000000004","116.33001"
"360","39.93901","116.33901","39.93001","116.33001","39.948010000000004","116.34801"
"361","39.93901","116.35701","39.93001","116.34801","39.948010000000004","116.36601"
"362","39.93901","116.37501","39.93001","116.36601","39.948010000000004","116.38401"
"363","39.93901","116.39300999999999","39.93001","116.38400999999999","39.948010000000004","116.40200999999999"
"364","39.93901","116.41100999999999","39.93001","116.40200999999999","39.948010000000004","116.42000999999999"
"365","39.93901","116.42900999999999","39.93001","116.42000999999999","39.948010000000004","116.43800999999999"
"366","39.93901","116.44700999999999","39.93001","116.43800999999999","39.948010000000004","116.45600999999999"
"367","39.93901","116.46500999999999","39.93001","116.45600999999999","39.948010000000004","116.47400999999999"
"368","39.93901","116.48301","39.93001","116.47400999999999","39.948010000000004","116.49201"
"369","39.93901","116.50101","39.93001","116.49201","39.948010000000004","116.51001"
"370","39.93901","116.51901","39.93001","116.51001","39.948010000000004","116.52801"
"371","39.93901","116.53701","39.93001","116.52801","39.948010000000004","116.54601"
"372","39.93901","116.55501","39.93001","116.54601","39.948010000000004","116.56401"
"373","39.93901","116.57301","39.93001","116.56401","39.948010000000004","116.58201"
"374","39.93901","116.59101","39.93001","116.58201","39.948010000000004","116.60001"
"375","39.92101","116.15901","39.91201","116.15001","39.93001","116.16801"
"376","39.92101","116.17701","39.91201","116.16801","39.93001","116.18601"
"377","39.92101","116.19501","39.91201","116.18601","39.93001","116.20401"
"378","39.92101","116.21301","39.91201","116.20401","39.93001","116.22201"
"379","39.92101","116.23101","39.91201","116.22201","39.93001","116.24001"
"380","39.92101","116.24901","39.91201","116.24001","39.93001","116.25801"
"381","39.92101","116.26701","39.91201","116.25801","39.93001","116.27601"
"382","39.92101","116.28501","39.91201","116.27601","39.93001","116.29401"
"383","39.92101","116.30301","39.91201","116.29401","39.93001","116.31201"
"384","39.92101","116.32101","39.91201","116.31201","39.93001","116.33001"
"385","39.92101","116.33901","39.91201","116.33001","39.93001","116.34801"
"386","39.92101","116.35701","39.91201","116.34801","39.93001","116.36601"
"387","39.92101","116.37501","39.91201","116.36601","39.93001","116.38401"
"388","39.92101","116.39300999999999","39.91201","116.38400999999999","39.93001","116.40200999999999"
"389","39.92101","116.41100999999999","39.91201","116.40200999999999","39.93001","116.42000999999999"
"390","39.92101","116.42900999999999","39.91201","116.42000999999999","39.93001","116.43800999999999"
"391","39.92101","116.44700999999999","39.91201","116.43800999999999","39.93001","116.45600999999999"
"392","39.92101","116.46500999999999","39.91201","116.45600999999999","39.93001","116.47400999999999"
"393","39.92101","116.48301","39.91201","116.47400999999999","39.93001","116.49201"
"394","39.92101","116.50101","39.91201","116.49201","39.93001","116.51001"
"395","39.92101","116.51901","39.91201","116.51001","39.93001","116.52801"
"396","39.92101","116.53701","39.91201","116.52801","39.93001","116.54601"
"397","39.92101","116.55501","39.91201","116.54601","39.93001","116.56401"
"398","39.92101","116.57301","39.91201","116.56401","39.93001","116.58201"
"399","39.92101","116.59101","39.91201","116.58201","39.93001","116.60001"
"400","39.90301","116.15901","39.89401","116.15001","39.91201","116.16801"
"401","39.90301","116.17701","39.89401","116.16801","39.91201","116.18601"
"402","39.90301","116.19501","39.89401","116.18601","39.91201","116.20401"
"403","39.90301","116.21301","39.89401","116.20401","39.91201","116.22201"
"404","39.90301","116.23101","39.89401","116.22201","39.91201","116.24001"
"405","39.90301","116.24901","39.89401","116.24001","39.91201","116.25801"
"406","39.90301","116.26701","39.89401","116.25801","39.91201","116.27601"
"407","39.90301","116.28501","39.89401","116.27601","39.91201","116.29401"
"408","39.90301","116.30301","39.89401","116.29401","39.91201","116.31201"
"409","39.90301","116.32101","39.89401","116.31201","39.91201","116.33001"
"410","39.90301","116.33901","39.89401","116.33001","39.91201","116.34801"
"411","39.90301","116.35701","39.89401","116.34801","39.91201","116.36601"
"412","39.90301","116.37501","39.89401","116.36601","39.91201","116.38401"
"413","39.90301","116.39300999999999","39.89401","116.38400999999999","39.91201","116.40200999999999"
"414","39.90301","116.41100999999999","39.89401","116.40200999999999","39.91201","116.42000999999999"
"415","39.90301","116.42900999999999","39.89401","116.42000999999999","39.91201","116.43800999999999"
"416","39.90301","116.44700999999999","39.89401","116.43800999999999","39.91201","116.45600999999999"
"417","39.90301","116.46500999999999","39.89401","116.45600999999999","39.91201","116.47400999999999"
"418","39.90301","116.48301","39.89401","116.47400999999999","39.91201","116.49201"
"419","39.90301","116.50101","39.89401","116.49201","39.91201","116.51001"
"420","39.90301","116.51901","39.89401","116.51001","39.91201","116.52801"
"421","39.90301","116.53701","39.89401","116.52801","39.91201","116.54601"
"422","39.90301","116.55501","39.89401","116.54601","39.91201","116.56401"
"423","39.90301","116.57301","39.89401","116.56401","39.91201","116.58201"
"424","39.90301","116.59101","39.89401","116.58201","39.91201","116.60001"
"425","39.88501","116.15901","39.87601","116.15001","39.89401","116.16801"
"426","39.88501","116.17701","39.87601","116.16801","39.89401","116.18601"
"427","39.88501","116.19501","39.87601","116.18601","39.89401","116.20401"
"428","39.88501","116.21301","39.87601","116.20401","39.89401","116.22201"
"429","39.88501","116.23101","39.87601","116.22201","39.89401","116.24001"
"430","39.88501","116.24901","39.87601","116.24001","39.89401","116.25801"
"431","39.88501","116.26701","39.87601","116.25801","39.89401","116.27601"
"432","39.88501","116.28501","39.87601","116.27601","39.89401","116.29401"
"433","39.88501","116.30301","39.87601","116.29401","39.89401","116.31201"
"434","39.88501","116.32101","39.87601","116.31201","39.89401","116.33001"
"435","39.88501","116.33901","39.87601","116.33001","39.89401","116.34801"
"436","39.88501","116.35701","39.87601","116.34801","39.89401","116.36601"
"437","39.88501","116.37501","39.87601","116.36601","39.89401","116.38401"
"438","39.88501","116.39300999999999","39.87601","116.38400999999999","39.89401","116.40200999999999"
"439","39.88501","116.41100999999999","39.87601","116.40200999999999","39.89401","116.42000999999999"
"440","39.88501","116.42900999999999","39.87601","116.42000999999999","39.89401","116.43800999999999"
"441","39.88501","116.44700999999999","39.87601","116.43800999999999","39.89401","116.45600999999999"
"442","39.88501","116.46500999999999","39.87601","116.45600999999999","39.89401","116.47400999999999"
"443","39.88501","116.48301","39.87601","116.47400999999999","39.89401","116.49201"
"444","39.88501","116.50101","39.87601","116.49201","39.89401","116.51001"
"445","39.88501","116.51901","39.87601","116.51001","39.89401","116.52801"
"446","39.88501","116.53701","39.87601","116.52801","39.89401","116.54601"
"447","39.88501","116.55501","39.87601","116.54601","39.89401","116.56401"
"448","39.88501","116.57301","39.87601","116.56401","39.89401","116.58201"
"449","39.88501","116.59101","39.87601","116.58201","39.89401","116.60001"
"450","39.86701000000001","116.15901","39.85801000000001","116.15001","39.87601000000001","116.16801"
"451","39.86701000000001","116.17701","39.85801000000001","116.16801","39.87601000000001","116.18601"
"452","39.86701000000001","116.19501","39.85801000000001","116.18601","39.87601000000001","116.20401"
"453","39.86701000000001","116.21301","39.85801000000001","116.20401","39.87601000000001","116.22201"
"454","39.86701000000001","116.23101","39.85801000000001","116.22201","39.87601000000001","116.24001"
"455","39.86701000000001","116.24901","39.85801000000001","116.24001","39.87601000000001","116.25801"
"456","39.86701000000001","116.26701","39.85801000000001","116.25801","39.87601000000001","116.27601"
"457","39.86701000000001","116.28501","39.85801000000001","116.27601","39.87601000000001","116.29401"
"458","39.86701000000001","116.30301","39.85801000000001","116.29401","39.87601000000001","116.31201"
"459","39.86701000000001","116.32101","39.85801000000001","116.31201","39.87601000000001","116.33001"
"460","39.86701000000001","116.33901","39.85801000000001","116.33001","39.87601000000001","116.34801"
"461","39.86701000000001","116.35701","39.85801000000001","116.34801","39.87601000000001","116.36601"
"462","39.86701000000001","116.37501","39.85801000000001","116.36601","39.87601000000001","116.38401"
"463","39.86701000000001","116.39300999999999","39.85801000000001","116.38400999999999","39.87601000000001","116.40200999999999"
"464","39.86701000000001","116.41100999999999","39.85801000000001","116.40200999999999","39.87601000000001","116.42000999999999"
"465","39.86701000000001","116.42900999999999","39.85801000000001","116.42000999999999","39.87601000000001","116.43800999999999"
"466","39.86701000000001","116.44700999999999","39.85801000000001","116.43800999999999","39.87601000000001","116.45600999999999"
"467","39.86701000000001","116.46500999999999","39.85801000000001","116.45600999999999","39.87601000000001","116.47400999999999"
"468","39.86701000000001","116.48301","39.85801000000001","116.47400999999999","39.87601000000001","116.49201"
"469","39.86701000000001","116.50101","39.85801000000001","116.49201","39.87601000000001","116.51001"
"470","39.86701000000001","116.51901","39.85801000000001","116.51001","39.87601000000001","116.52801"
"471","39.86701000000001","116.53701","39.85801000000001","116.52801","39.87601000000001","116.54601"
"472","39.86701000000001","116.55501","39.85801000000001","116.54601","39.87601000000001","116.56401"
"473","39.86701000000001","116.57301","39.85801000000001","116.56401","39.87601000000001","116.58201"
"474","39.86701000000001","116.59101","39.85801000000001","116.58201","39.87601000000001","116.60001"
"475","39.84901000000001","116.15901","39.84001000000001","116.15001","39.85801000000001","116.16801"
"476","39.84901000000001","116.17701","39.84001000000001","116.16801","39.85801000000001","116.18601"
"477","39.84901000000001","116.19501","39.84001000000001","116.18601","39.85801000000001","116.20401"
"478","39.84901000000001","116.21301","39.84001000000001","116.20401","39.85801000000001","116.22201"
"479","39.84901000000001","116.23101","39.84001000000001","116.22201","39.85801000000001","116.24001"
"480","39.84901000000001","116.24901","39.84001000000001","116.24001","39.85801000000001","116.25801"
"481","39.84901000000001","116.26701","39.84001000000001","116.25801","39.85801000000001","116.27601"
"482","39.84901000000001","116.28501","39.84001000000001","116.27601","39.85801000000001","116.29401"
"483","39.84901000000001","116.30301","39.84001000000001","116.29401","39.85801000000001","116.31201"
"484","39.84901000000001","116.32101","39.84001000000001","116.31201","39.85801000000001","116.33001"
"485","39.84901000000001","116.33901","39.84001000000001","116.33001","39.85801000000001","116.34801"
"486","39.84901000000001","116.35701","39.84001000000001","116.34801","39.85801000000001","116.36601"
"487","39.84901000000001","116.37501","39.84001000000001","116.36601","39.85801000000001","116.38401"
"488","39.84901000000001","116.39300999999999","39.84001000000001","116.38400999999999","39.85801000000001","116.40200999999999"
"489","39.84901000000001","116.41100999999999","39.84001000000001","116.40200999999999","39.85801000000001","116.42000999999999"
"490","39.84901000000001","116.42900999999999","39.84001000000001","116.42000999999999","39.85801000000001","116.43800999999999"
"491","39.84901000000001","116.44700999999999","39.84001000000001","116.43800999999999","39.85801000000001","116.45600999999999"
"492","39.84901000000001","116.46500999999999","39.84001000000001","116.45600999999999","39.85801000000001","116.47400999999999"
"493","39.84901000000001","116.48301","39.84001000000001","116.47400999999999","39.85801000000001","116.49201"
"494","39.84901000000001","116.50101","39.84001000000001","116.49201","39.85801000000001","116.51001"
"495","39.84901000000001","116.51901","39.84001000000001","116.51001","39.85801000000001","116.52801"
"496","39.84901000000001","116.53701","39.84001000000001","116.52801","39.85801000000001","116.54601"
"497","39.84901000000001","116.55501","39.84001000000001","116.54601","39.85801000000001","116.56401"
"498","39.84901000000001","116.57301","39.84001000000001","116.56401","39.85801000000001","116.58201"
"499","39.84901000000001","116.59101","39.84001000000001","116.58201","39.85801000000001","116.60001"
"500","39.831010000000006","116.15901","39.822010000000006","116.15001","39.84001000000001","116.16801"
"501","39.831010000000006","116.17701","39.822010000000006","116.16801","39.84001000000001","116.18601"
"502","39.831010000000006","116.19501","39.822010000000006","116.18601","39.84001000000001","116.20401"
"503","39.831010000000006","116.21301","39.822010000000006","116.20401","39.84001000000001","116.22201"
"504","39.831010000000006","116.23101","39.822010000000006","116.22201","39.84001000000001","116.24001"
"505","39.831010000000006","116.24901","39.822010000000006","116.24001","39.84001000000001","116.25801"
"506","39.831010000000006","116.26701","39.822010000000006","116.25801","39.84001000000001","116.27601"
"507","39.831010000000006","116.28501","39.822010000000006","116.27601","39.84001000000001","116.29401"
"508","39.831010000000006","116.30301","39.822010000000006","116.29401","39.84001000000001","116.31201"
"509","39.831010000000006","116.32101","39.822010000000006","116.31201","39.84001000000001","116.33001"
"510","39.831010000000006","116.33901","39.822010000000006","116.33001","39.84001000000001","116.34801"
"511","39.831010000000006","116.35701","39.822010000000006","116.34801","39.84001000000001","116.36601"
"512","39.831010000000006","116.37501","39.822010000000006","116.36601","39.84001000000001","116.38401"
"513","39.831010000000006","116.39300999999999","39.822010000000006","116.38400999999999","39.84001000000001","116.40200999999999"
"514","39.831010000000006","116.41100999999999","39.822010000000006","116.40200999999999","39.84001000000001","116.42000999999999"
"515","39.831010000000006","116.42900999999999","39.822010000000006","116.42000999999999","39.84001000000001","116.43800999999999"
"516","39.831010000000006","116.44700999999999","39.822010000000006","116.43800999999999","39.84001000000001","116.45600999999999"
"517","39.831010000000006","116.46500999999999","39.822010000000006","116.45600999999999","39.84001000000001","116.47400999999999"
"518","39.831010000000006","116.48301","39.822010000000006","116.47400999999999","39.84001000000001","116.49201"
"519","39.831010000000006","116.50101","39.822010000000006","116.49201","39.84001000000001","116.51001"
"520","39.831010000000006","116.51901","39.822010000000006","116.51001","39.84001000000001","116.52801"
"521","39.831010000000006","116.53701","39.822010000000006","116.52801","39.84001000000001","116.54601"
"522","39.831010000000006","116.55501","39.822010000000006","116.54601","39.84001000000001","116.56401"
"523","39.831010000000006","116.57301","39.822010000000006","116.56401","39.84001000000001","116.58201"
"524","39.831010000000006","116.59101","39.822010000000006","116.58201","39.84001000000001","116.60001"
"525","39.813010000000006","116.15901","39.804010000000005","116.15001","39.822010000000006","116.16801"
"526","39.813010000000006","116.17701","39.804010000000005","116.16801","39.822010000000006","116.18601"
"527","39.813010000000006","116.19501","39.804010000000005","116.18601","39.822010000000006","116.20401"
"528","39.813010000000006","116.21301","39.804010000000005","116.20401","39.822010000000006","116.22201"
"529","39.813010000000006","116.23101","39.804010000000005","116.22201","39.822010000000006","116.24001"
"530","39.813010000000006","116.24901","39.804010000000005","116.24001","39.822010000000006","116.25801"
"531","39.813010000000006","116.26701","39.804010000000005","116.25801","39.822010000000006","116.27601"
"532","39.813010000000006","116.28501","39.804010000000005","116.27601","39.822010000000006","116.29401"
"533","39.813010000000006","116.30301","39.804010000000005","116.29401","39.822010000000006","116.31201"
"534","39.813010000000006","116.32101","39.804010000000005","116.31201","39.822010000000006","116.33001"
"535","39.813010000000006","116.33901","39.804010000000005","116.33001","39.822010000000006","116.34801"
"536","39.813010000000006","116.35701","39.804010000000005","116.34801","39.822010000000006","116.36601"
"537","39.813010000000006","116.37501","39.804010000000005","116.36601","39.822010000000006","116.38401"
"538","39.813010000000006","116.39300999999999","39.804010000000005","116.38400999999999","39.822010000000006","116.40200999999999"
"539","39.813010000000006","116.41100999999999","39.804010000000005","116.40200999999999","39.822010000000006","116.42000999999999"
"540","39.813010000000006","116.42900999999999","39.804010000000005","116.42000999999999","39.822010000000006","116.43800999999999"
"541","39.813010000000006","116.44700999999999","39.804010000000005","116.43800999999999","39.822010000000006","116.45600999999999"
"542","39.813010000000006","116.46500999999999","39.804010000000005","116.45600999999999","39.822010000000006","116.47400999999999"
"543","39.813010000000006","116.48301","39.804010000000005","116.47400999999999","39.822010000000006","116.49201"
"544","39.813010000000006","116.50101","39.804010000000005","116.49201","39.822010000000006","116.51001"
"545","39.813010000000006","116.51901","39.804010000000005","116.51001","39.822010000000006","116.52801"
"546","39.813010000000006","116.53701","39.804010000000005","116.52801","39.822010000000006","116.54601"
"547","39.813010000000006","116.55501","39.804010000000005","116.54601","39.822010000000006","116.56401"
"548","39.813010000000006","116.57301","39.804010000000005","116.56401","39.822010000000006","116.58201"
"549","39.813010000000006","116.59101","39.804010000000005","116.58201","39.822010000000006","116.60001"
"550","39.795010000000005","116.15901","39.786010000000005","116.15001","39.804010000000005","116.16801"
"551","39.795010000000005","116.17701","39.786010000000005","116.16801","39.804010000000005","116.18601"
"552","39.795010000000005","116.19501","39.786010000000005","116.18601","39.804010000000005","116.20401"
"553","39.795010000000005","116.21301","39.786010000000005","116.20401","39.804010000000005","116.22201"
"554","39.795010000000005","116.23101","39.786010000000005","116.22201","39.804010000000005","116.24001"
"555","39.795010000000005","116.24901","39.786010000000005","116.24001","39.804010000000005","116.25801"
"556","39.795010000000005","116.26701","39.786010000000005","116.25801","39.804010000000005","116.27601"
"557","39.795010000000005","116.28501","39.786010000000005","116.27601","39.804010000000005","116.29401"
"558","39.795010000000005","116.30301","39.786010000000005","116.29401","39.804010000000005","116.31201"
"559","39.795010000000005","116.32101","39.786010000000005","116.31201","39.804010000000005","116.33001"
"560","39.795010000000005","116.33901","39.786010000000005","116.33001","39.804010000000005","116.34801"
"561","39.795010000000005","116.35701","39.786010000000005","116.34801","39.804010000000005","116.36601"
"562","39.795010000000005","116.37501","39.786010000000005","116.36601","39.804010000000005","116.38401"
"563","39.795010000000005","116.39300999999999","39.786010000000005","116.38400999999999","39.804010000000005","116.40200999999999"
"564","39.795010000000005","116.41100999999999","39.786010000000005","116.40200999999999","39.804010000000005","116.42000999999999"
"565","39.795010000000005","116.42900999999999","39.786010000000005","116.42000999999999","39.804010000000005","116.43800999999999"
"566","39.795010000000005","116.44700999999999","39.786010000000005","116.43800999999999","39.804010000000005","116.45600999999999"
"567","39.795010000000005","116.46500999999999","39.786010000000005","116.45600999999999","39.804010000000005","116.47400999999999"
"568","39.795010000000005","116.48301","39.786010000000005","116.47400999999999","39.804010000000005","116.49201"
"569","39.795010000000005","116.50101","39.786010000000005","116.49201","39.804010000000005","116.51001"
"570","39.795010000000005","116.51901","39.786010000000005","116.51001","39.804010000000005","116.52801"
"571","39.795010000000005","116.53701","39.786010000000005","116.52801","39.804010000000005","116.54601"
"572","39.795010000000005","116.55501","39.786010000000005","116.54601","39.804010000000005","116.56401"
"573","39.795010000000005","116.57301","39.786010000000005","116.56401","39.804010000000005","116.58201"
"574","39.795010000000005","116.59101","39.786010000000005","116.58201","39.804010000000005","116.60001"
"575","39.777010000000004","116.15901","39.768010000000004","116.15001","39.786010000000005","116.16801"
"576","39.777010000000004","116.17701","39.768010000000004","116.16801","39.786010000000005","116.18601"
"577","39.777010000000004","116.19501","39.768010000000004","116.18601","39.786010000000005","116.20401"
"578","39.777010000000004","116.21301","39.768010000000004","116.20401","39.786010000000005","116.22201"
"579","39.777010000000004","116.23101","39.768010000000004","116.22201","39.786010000000005","116.24001"
"580","39.777010000000004","116.24901","39.768010000000004","116.24001","39.786010000000005","116.25801"
"581","39.777010000000004","116.26701","39.768010000000004","116.25801","39.786010000000005","116.27601"
"582","39.777010000000004","116.28501","39.768010000000004","116.27601","39.786010000000005","116.29401"
"583","39.777010000000004","116.30301","39.768010000000004","116.29401","39.786010000000005","116.31201"
"584","39.777010000000004","116.32101","39.768010000000004","116.31201","39.786010000000005","116.33001"
"585","39.777010000000004","116.33901","39.768010000000004","116.33001","39.786010000000005","116.34801"
"586","39.777010000000004","116.35701","39.768010000000004","116.34801","39.786010000000005","116.36601"
"587","39.777010000000004","116.37501","39.768010000000004","116.36601","39.786010000000005","116.38401"
"588","39.777010000000004","116.39300999999999","39.768010000000004","116.38400999999999","39.786010000000005","116.40200999999999"
"589","39.777010000000004","116.41100999999999","39.768010000000004","116.40200999999999","39.786010000000005","116.42000999999999"
"590","39.777010000000004","116.42900999999999","39.768010000000004","116.42000999999999","39.786010000000005","116.43800999999999"
"591","39.777010000000004","116.44700999999999","39.768010000000004","116.43800999999999","39.786010000000005","116.45600999999999"
"592","39.777010000000004","116.46500999999999","39.768010000000004","116.45600999999999","39.786010000000005","116.47400999999999"
"593","39.777010000000004","116.48301","39.768010000000004","116.47400999999999","39.786010000000005","116.49201"
"594","39.777010000000004","116.50101","39.768010000000004","116.49201","39.786010000000005","116.51001"
"595","39.777010000000004","116.51901","39.768010000000004","116.51001","39.786010000000005","116.52801"
"596","39.777010000000004","116.53701","39.768010000000004","116.52801","39.786010000000005","116.54601"
"597","39.777010000000004","116.55501","39.768010000000004","116.54601","39.786010000000005","116.56401"
"598","39.777010000000004","116.57301","39.768010000000004","116.56401","39.786010000000005","116.58201"
"599","39.777010000000004","116.59101","39.768010000000004","116.58201","39.786010000000005","116.60001"
"600","39.75901","116.15901","39.75001","116.15001","39.768010000000004","116.16801"
"601","39.75901","116.17701","39.75001","116.16801","39.768010000000004","116.18601"
"602","39.75901","116.19501","39.75001","116.18601","39.768010000000004","116.20401"
"603","39.75901","116.21301","39.75001","116.20401","39.768010000000004","116.22201"
"604","39.75901","116.23101","39.75001","116.22201","39.768010000000004","116.24001"
"605","39.75901","116.24901","39.75001","116.24001","39.768010000000004","116.25801"
"606","39.75901","116.26701","39.75001","116.25801","39.768010000000004","116.27601"
"607","39.75901","116.28501","39.75001","116.27601","39.768010000000004","116.29401"
"608","39.75901","116.30301","39.75001","116.29401","39.768010000000004","116.31201"
"609","39.75901","116.32101","39.75001","116.31201","39.768010000000004","116.33001"
"610","39.75901","116.33901","39.75001","116.33001","39.768010000000004","116.34801"
"611","39.75901","116.35701","39.75001","116.34801","39.768010000000004","116.36601"
"612","39.75901","116.37501","39.75001","116.36601","39.768010000000004","116.38401"
"613","39.75901","116.39300999999999","39.75001","116.38400999999999","39.768010000000004","116.40200999999999"
"614","39.75901","116.41100999999999","39.75001","116.40200999999999","39.768010000000004","116.42000999999999"
"615","39.75901","116.42900999999999","39.75001","116.42000999999999","39.768010000000004","116.43800999999999"
"616","39.75901","116.44700999999999","39.75001","116.43800999999999","39.768010000000004","116.45600999999999"
"617","39.75901","116.46500999999999","39.75001","116.45600999999999","39.768010000000004","116.47400999999999"
"618","39.75901","116.48301","39.75001","116.47400999999999","39.768010000000004","116.49201"
"619","39.75901","116.50101","39.75001","116.49201","39.768010000000004","116.51001"
"620","39.75901","116.51901","39.75001","116.51001","39.768010000000004","116.52801"
"621","39.75901","116.53701","39.75001","116.52801","39.768010000000004","116.54601"
"622","39.75901","116.55501","39.75001","116.54601","39.768010000000004","116.56401"
"623","39.75901","116.57301","39.75001","116.56401","39.768010000000004","116.58201"
"624","39.75901","116.59101","39.75001","116.58201","39.768010000000004","116.60001"
